text,mbti
논리적으로 생각하기 하는 게 제일 편해,ISFP
나는 보통 깊은 사고하게 행동해,ESTJ
나는 보통 혼자만의 공간하게 행동해,ISTP
가끔은 현실적인 판단이(가) 필요해,ISTP
솔직히 난 깊은 사고 쪽이야,ISFJ
난 혼자만의 공간한 사람이 좋아,ISTJ
솔직히 난 혼자 있기 쪽이야,INFJ
내 성격은 좀 즉흥 여행인 편이야,ENTP
혼자 있기 하는 게 제일 편해,INFJ
오늘은 그냥 즉흥 여행 하고 싶다,ENTJ
나는 원래 체계적인 생활 스타일이야,ISFJ
오늘은 그냥 계획 세우기 하고 싶다,ENTJ
오늘은 그냥 감성적인 대화 하고 싶다,INTP
오늘은 그냥 새로운 도전 하고 싶다,ISFJ
난 현실적인 판단한 사람이 좋아,ENTP
내 성격은 좀 사람 만나기인 편이야,ESTP
오늘은 그냥 사람 만나기 하고 싶다,ESTJ
새로운 도전 하는 거 좋아,ENTJ
요즘 자주 계획 세우기 생각해,INTJ
가끔은 자유로운 선택이(가) 필요해,INFP
나는 보통 자유로운 선택하게 행동해,INTJ
오늘은 그냥 혼자만의 공간 하고 싶다,ESFP
요즘 자주 자유로운 선택 생각해,ESFJ
가끔은 편안한 분위기이(가) 필요해,INFJ
논리적으로 생각하기 하는 거 좋아,ISFJ
나는 보통 사람 만나기하게 행동해,ESFJ
체계적인 생활 하는 거 좋아,INFP
혼자만의 공간 하는 거 좋아,ESTP
오늘은 그냥 즉흥 여행 하고 싶다,ESFJ
가끔은 유연한 사고이(가) 필요해,ESTP
가끔은 계획 세우기이(가) 필요해,ESFP
편안한 분위기 하는 게 제일 편해,ESTJ
나는 원래 현실적인 판단 스타일이야,ESTJ
나는 원래 즉흥 여행 스타일이야,ISTJ
내 성격은 좀 유연한 사고인 편이야,ISTJ
나는 보통 혼자만의 공간하게 행동해,ENFJ
요즘 자주 편안한 분위기 생각해,ISTP
논리적으로 생각하기 하는 게 제일 편해,ISFP
편안한 분위기 하는 거 좋아,INFJ
나는 원래 편안한 분위기 스타일이야,INTJ
나는 보통 체계적인 생활하게 행동해,ENTP
난 새로운 도전한 사람이 좋아,ISFP
솔직히 난 현실적인 판단 쪽이야,INFJ
내 성격은 좀 안정적인 생활인 편이야,ESTP
계획 세우기 하는 게 제일 편해,INTP
오늘은 그냥 혼자만의 공간 하고 싶다,INFP
효율적으로 일하기 하는 게 제일 편해,ENTP
오늘은 그냥 깊은 사고 하고 싶다,ISFP
요즘 자주 체계적인 생활 생각해,ENTP
나는 원래 논리적으로 생각하기 스타일이야,ENTJ
나는 원래 현실적인 판단 스타일이야,INTJ
체계적인 생활 하는 거 좋아,ESFJ
자유로운 선택 하는 거 좋아,INTJ
혼자 있기 하는 게 제일 편해,ISFP
솔직히 난 논리적으로 생각하기 쪽이야,INFJ
난 즉흥 여행한 사람이 좋아,ISTP
가끔은 현실적인 판단이(가) 필요해,ISFP
혼자 있기 하는 거 좋아,ENTJ
내 성격은 좀 유연한 사고인 편이야,INFP
난 혼자만의 공간한 사람이 좋아,ESTP
요즘 자주 감성적인 대화 생각해,INTP
내 성격은 좀 깊은 사고인 편이야,ESTJ
새로운 도전 하는 거 좋아,INFP
나는 원래 사람 만나기 스타일이야,INTJ
가끔은 자유로운 선택이(가) 필요해,INFP
자유로운 선택 하는 게 제일 편해,INTP
오늘은 그냥 체계적인 생활 하고 싶다,ISFJ
나는 보통 혼자 있기하게 행동해,ENFP
가끔은 유연한 사고이(가) 필요해,ESTJ
가끔은 계획 세우기이(가) 필요해,ISFP
가끔은 깊은 사고이(가) 필요해,INTJ
솔직히 난 계획 세우기 쪽이야,ISTJ
현실적인 판단 하는 거 좋아,ESFJ
요즘 자주 깊은 사고 생각해,ISFP
새로운 도전 하는 게 제일 편해,ESFJ
난 체계적인 생활한 사람이 좋아,INTP
가끔은 논리적으로 생각하기이(가) 필요해,ISTJ
요즘 자주 논리적으로 생각하기 생각해,ENTJ
난 사람 만나기한 사람이 좋아,ENTJ
내 성격은 좀 사람 만나기인 편이야,ESTJ
조용한 시간 하는 게 제일 편해,ISFP
나는 원래 효율적으로 일하기 스타일이야,INFP
요즘 자주 현실적인 판단 생각해,ISTJ
내 성격은 좀 체계적인 생활인 편이야,ISFP
솔직히 난 자유로운 선택 쪽이야,ESFP
현실적인 판단 하는 게 제일 편해,INFJ
가끔은 혼자 있기이(가) 필요해,ENFP
나는 원래 즉흥 여행 스타일이야,INFP
요즘 자주 논리적으로 생각하기 생각해,ESFJ
사람 만나기 하는 게 제일 편해,ENFJ
요즘 자주 현실적인 판단 생각해,ESFJ
솔직히 난 효율적으로 일하기 쪽이야,ENFP
나는 보통 깊은 사고하게 행동해,INTJ
유연한 사고 하는 거 좋아,INTJ
가끔은 계획 세우기이(가) 필요해,INTJ
체계적인 생활 하는 게 제일 편해,ISTP
새로운 도전 하는 거 좋아,ISFJ
솔직히 난 감성적인 대화 쪽이야,ISTP
내 성격은 좀 자유로운 선택인 편이야,ISFP
요즘 자주 즉흥 여행 생각해,ISFJ
오늘은 그냥 체계적인 생활 하고 싶다,ENFP
솔직히 난 사람 만나기 쪽이야,ESFP
새로운 도전 하는 거 좋아,ESTP
난 새로운 도전한 사람이 좋아,ESTJ
오늘은 그냥 안정적인 생활 하고 싶다,ESTP
나는 원래 안정적인 생활 스타일이야,ESTP
나는 원래 현실적인 판단 스타일이야,ENTP
현실적인 판단 하는 거 좋아,INTJ
난 논리적으로 생각하기한 사람이 좋아,ENTP
요즘 자주 즉흥 여행 생각해,INFJ
현실적인 판단 하는 게 제일 편해,ENFJ
오늘은 그냥 즉흥 여행 하고 싶다,ISTJ
내 성격은 좀 깊은 사고인 편이야,ENFJ
요즘 자주 혼자만의 공간 생각해,INTP
솔직히 난 계획 세우기 쪽이야,ISFJ
오늘은 그냥 즉흥 여행 하고 싶다,ENTJ
사람 만나기 하는 게 제일 편해,ESTP
오늘은 그냥 즉흥 여행 하고 싶다,ENFJ
난 편안한 분위기한 사람이 좋아,ESTJ
감성적인 대화 하는 게 제일 편해,ISFP
내 성격은 좀 조용한 시간인 편이야,ISFJ
혼자 있기 하는 거 좋아,ENTP
요즘 자주 깊은 사고 생각해,INFP
가끔은 계획 세우기이(가) 필요해,ESFJ
요즘 자주 체계적인 생활 생각해,ENTJ
오늘은 그냥 편안한 분위기 하고 싶다,ENTP
나는 원래 새로운 도전 스타일이야,ISFP
요즘 자주 자유로운 선택 생각해,INFJ
요즘 자주 유연한 사고 생각해,ESFJ
난 혼자만의 공간한 사람이 좋아,ESFP
나는 원래 편안한 분위기 스타일이야,ESFP
편안한 분위기 하는 게 제일 편해,ESTP
논리적으로 생각하기 하는 거 좋아,ESFP
내 성격은 좀 유연한 사고인 편이야,ESTP
체계적인 생활 하는 거 좋아,ISTP
나는 보통 현실적인 판단하게 행동해,INFJ
사람 만나기 하는 게 제일 편해,INTJ
요즘 자주 새로운 도전 생각해,INTJ
혼자만의 공간 하는 게 제일 편해,INTJ
내 성격은 좀 현실적인 판단인 편이야,INTP
안정적인 생활 하는 게 제일 편해,ENTP
오늘은 그냥 즉흥 여행 하고 싶다,ESTP
나는 원래 조용한 시간 스타일이야,ISTP
가끔은 효율적으로 일하기이(가) 필요해,ESTJ
현실적인 판단 하는 거 좋아,ENFJ
유연한 사고 하는 게 제일 편해,ISFJ
난 효율적으로 일하기한 사람이 좋아,ESTP
가끔은 효율적으로 일하기이(가) 필요해,ISTJ
내 성격은 좀 계획 세우기인 편이야,ESTP
난 효율적으로 일하기한 사람이 좋아,ENFP
오늘은 그냥 효율적으로 일하기 하고 싶다,ISTJ
난 편안한 분위기한 사람이 좋아,ISTJ
혼자 있기 하는 게 제일 편해,ISTJ
계획 세우기 하는 거 좋아,ISTJ
난 즉흥 여행한 사람이 좋아,ENFP
자유로운 선택 하는 게 제일 편해,ISFJ
나는 보통 새로운 도전하게 행동해,ENTJ
자유로운 선택 하는 거 좋아,ESTJ
사람 만나기 하는 거 좋아,ENFP
감성적인 대화 하는 게 제일 편해,ENFP
요즘 자주 즉흥 여행 생각해,INTJ
감성적인 대화 하는 게 제일 편해,INFP
나는 원래 새로운 도전 스타일이야,ISFP
오늘은 그냥 감성적인 대화 하고 싶다,ISFP
즉흥 여행 하는 게 제일 편해,ISFJ
가끔은 자유로운 선택이(가) 필요해,INTP
솔직히 난 유연한 사고 쪽이야,INFP
난 논리적으로 생각하기한 사람이 좋아,ENFP
나는 원래 즉흥 여행 스타일이야,ENTP
난 새로운 도전한 사람이 좋아,ENTJ
오늘은 그냥 깊은 사고 하고 싶다,INFP
난 즉흥 여행한 사람이 좋아,ISTP
계획 세우기 하는 거 좋아,ENTJ
혼자만의 공간 하는 게 제일 편해,INFP
감성적인 대화 하는 게 제일 편해,ENFJ
오늘은 그냥 자유로운 선택 하고 싶다,ESTJ
오늘은 그냥 현실적인 판단 하고 싶다,INFP
솔직히 난 즉흥 여행 쪽이야,ESTP
내 성격은 좀 유연한 사고인 편이야,ESTJ
나는 보통 감성적인 대화하게 행동해,ENFP
나는 보통 효율적으로 일하기하게 행동해,INTJ
요즘 자주 새로운 도전 생각해,INTP
가끔은 유연한 사고이(가) 필요해,ENFP
내 성격은 좀 혼자 있기인 편이야,INTP
가끔은 안정적인 생활이(가) 필요해,ESFP
깊은 사고 하는 거 좋아,ISFJ
나는 보통 편안한 분위기하게 행동해,ESTP
오늘은 그냥 조용한 시간 하고 싶다,ESTJ
가끔은 유연한 사고이(가) 필요해,ESTJ
새로운 도전 하는 게 제일 편해,ISFJ
솔직히 난 논리적으로 생각하기 쪽이야,ENTJ
오늘은 그냥 안정적인 생활 하고 싶다,INTP
솔직히 난 계획 세우기 쪽이야,ESFP
솔직히 난 안정적인 생활 쪽이야,INFP
내 성격은 좀 조용한 시간인 편이야,ENFJ
나는 보통 유연한 사고하게 행동해,ISFJ
내 성격은 좀 자유로운 선택인 편이야,INTP
나는 보통 현실적인 판단하게 행동해,ESFP
나는 보통 체계적인 생활하게 행동해,ISTP
요즘 자주 조용한 시간 생각해,ISFP
나는 원래 혼자만의 공간 스타일이야,ISTP
난 깊은 사고한 사람이 좋아,ENFP
요즘 자주 자유로운 선택 생각해,ENTJ
난 조용한 시간한 사람이 좋아,INTP
난 감성적인 대화한 사람이 좋아,INFJ
나는 보통 감성적인 대화하게 행동해,INTJ
요즘 자주 논리적으로 생각하기 생각해,INFP
감성적인 대화 하는 거 좋아,ISTP
내 성격은 좀 계획 세우기인 편이야,INTP
안정적인 생활 하는 게 제일 편해,INFP
요즘 자주 계획 세우기 생각해,ESTJ
계획 세우기 하는 거 좋아,ESTP
편안한 분위기 하는 게 제일 편해,ESFP
감성적인 대화 하는 게 제일 편해,ESTJ
감성적인 대화 하는 게 제일 편해,INTP
내 성격은 좀 감성적인 대화인 편이야,ENFJ
요즘 자주 체계적인 생활 생각해,ISTJ
오늘은 그냥 유연한 사고 하고 싶다,ESFP
편안한 분위기 하는 거 좋아,ENTJ
효율적으로 일하기 하는 게 제일 편해,ESFJ
나는 원래 편안한 분위기 스타일이야,INFJ
오늘은 그냥 사람 만나기 하고 싶다,ENTP
나는 원래 감성적인 대화 스타일이야,INTP
내 성격은 좀 자유로운 선택인 편이야,ISTP
논리적으로 생각하기 하는 거 좋아,ESFP
나는 원래 현실적인 판단 스타일이야,INFP
요즘 자주 안정적인 생활 생각해,ISTJ
나는 원래 감성적인 대화 스타일이야,ISTP
가끔은 편안한 분위기이(가) 필요해,INTJ
난 조용한 시간한 사람이 좋아,INFJ
즉흥 여행 하는 거 좋아,ESTP
가끔은 효율적으로 일하기이(가) 필요해,ESFP
계획 세우기 하는 게 제일 편해,ENTJ
요즘 자주 깊은 사고 생각해,ESFP
요즘 자주 즉흥 여행 생각해,ISTP
나는 원래 논리적으로 생각하기 스타일이야,ISTJ
깊은 사고 하는 게 제일 편해,ISTJ
가끔은 효율적으로 일하기이(가) 필요해,ENFJ
솔직히 난 혼자 있기 쪽이야,INFJ
요즘 자주 감성적인 대화 생각해,ENFP
가끔은 사람 만나기이(가) 필요해,INFP
오늘은 그냥 감성적인 대화 하고 싶다,ESFP
가끔은 혼자 있기이(가) 필요해,ENTP
가끔은 감성적인 대화이(가) 필요해,ENFP
깊은 사고 하는 게 제일 편해,ESFP
난 유연한 사고한 사람이 좋아,ENFP
혼자 있기 하는 게 제일 편해,ISFP
난 편안한 분위기한 사람이 좋아,ISTP
가끔은 유연한 사고이(가) 필요해,INFP
요즘 자주 새로운 도전 생각해,ESTP
내 성격은 좀 감성적인 대화인 편이야,ISTJ
깊은 사고 하는 게 제일 편해,ISTP
내 성격은 좀 사람 만나기인 편이야,ESFJ
가끔은 혼자만의 공간이(가) 필요해,ENFJ
요즘 자주 감성적인 대화 생각해,ESTP
편안한 분위기 하는 게 제일 편해,ISTP
나는 원래 자유로운 선택 스타일이야,ESFP
나는 원래 감성적인 대화 스타일이야,ESTP
나는 원래 즉흥 여행 스타일이야,INFP
솔직히 난 편안한 분위기 쪽이야,ESTP
요즘 자주 자유로운 선택 생각해,ESTJ
요즘 자주 효율적으로 일하기 생각해,ENFP
나는 보통 사람 만나기하게 행동해,ISTP
오늘은 그냥 감성적인 대화 하고 싶다,ISFJ
난 즉흥 여행한 사람이 좋아,ISFP
솔직히 난 자유로운 선택 쪽이야,ESTJ
내 성격은 좀 효율적으로 일하기인 편이야,INTJ
요즘 자주 논리적으로 생각하기 생각해,ISFP
솔직히 난 유연한 사고 쪽이야,INFP
요즘 자주 효율적으로 일하기 생각해,INTJ
가끔은 혼자만의 공간이(가) 필요해,INFP
난 혼자 있기한 사람이 좋아,ISFJ
요즘 자주 조용한 시간 생각해,INTJ
솔직히 난 사람 만나기 쪽이야,ENFJ
내 성격은 좀 혼자만의 공간인 편이야,ISTP
깊은 사고 하는 거 좋아,ISFJ
체계적인 생활 하는 거 좋아,ESTP
솔직히 난 편안한 분위기 쪽이야,ESTJ
솔직히 난 깊은 사고 쪽이야,ESFJ
나는 원래 조용한 시간 스타일이야,INFJ
나는 보통 계획 세우기하게 행동해,ENTJ
나는 보통 편안한 분위기하게 행동해,INFP
나는 보통 조용한 시간하게 행동해,ESFJ
솔직히 난 깊은 사고 쪽이야,ISFJ
나는 원래 계획 세우기 스타일이야,INTJ
요즘 자주 감성적인 대화 생각해,INFP
난 편안한 분위기한 사람이 좋아,INFJ
가끔은 효율적으로 일하기이(가) 필요해,ISTJ
조용한 시간 하는 게 제일 편해,INFJ
가끔은 유연한 사고이(가) 필요해,ESTJ
논리적으로 생각하기 하는 게 제일 편해,INFJ
내 성격은 좀 조용한 시간인 편이야,ISFP
오늘은 그냥 편안한 분위기 하고 싶다,ENTJ
요즘 자주 혼자 있기 생각해,ESFJ
체계적인 생활 하는 거 좋아,ISFP
가끔은 논리적으로 생각하기이(가) 필요해,INTP
난 효율적으로 일하기한 사람이 좋아,INFJ
깊은 사고 하는 거 좋아,ISFJ
나는 보통 편안한 분위기하게 행동해,INTJ
나는 원래 감성적인 대화 스타일이야,INFJ
나는 원래 유연한 사고 스타일이야,ESTJ
오늘은 그냥 감성적인 대화 하고 싶다,INTP
나는 보통 효율적으로 일하기하게 행동해,INFJ
나는 보통 현실적인 판단하게 행동해,ISFJ
감성적인 대화 하는 거 좋아,ESFJ
조용한 시간 하는 거 좋아,ESTJ
요즘 자주 조용한 시간 생각해,ISFP
내 성격은 좀 즉흥 여행인 편이야,INTJ
사람 만나기 하는 게 제일 편해,INTP
요즘 자주 편안한 분위기 생각해,INFP
유연한 사고 하는 거 좋아,ISFP
감성적인 대화 하는 거 좋아,ISFP
솔직히 난 사람 만나기 쪽이야,ENFJ
요즘 자주 조용한 시간 생각해,ENFJ
논리적으로 생각하기 하는 거 좋아,INTJ
오늘은 그냥 유연한 사고 하고 싶다,INFP
내 성격은 좀 현실적인 판단인 편이야,ENTP
요즘 자주 혼자만의 공간 생각해,ISFP
솔직히 난 사람 만나기 쪽이야,ENTJ
새로운 도전 하는 거 좋아,ESTJ
난 감성적인 대화한 사람이 좋아,INTP
오늘은 그냥 깊은 사고 하고 싶다,ENFP
나는 보통 혼자만의 공간하게 행동해,ENFJ
나는 보통 즉흥 여행하게 행동해,ENTJ
감성적인 대화 하는 게 제일 편해,ISTP
조용한 시간 하는 게 제일 편해,INFP
솔직히 난 안정적인 생활 쪽이야,ISFP
오늘은 그냥 계획 세우기 하고 싶다,ENTJ
난 현실적인 판단한 사람이 좋아,ISFP
내 성격은 좀 혼자만의 공간인 편이야,ESTJ
요즘 자주 사람 만나기 생각해,ENFJ
나는 보통 논리적으로 생각하기하게 행동해,ENTP
요즘 자주 유연한 사고 생각해,ENFP
나는 원래 현실적인 판단 스타일이야,ENTJ
나는 원래 자유로운 선택 스타일이야,ESFJ
요즘 자주 조용한 시간 생각해,ISFJ
요즘 자주 유연한 사고 생각해,ESTP
내 성격은 좀 조용한 시간인 편이야,INFP
요즘 자주 사람 만나기 생각해,ISTP
나는 보통 혼자만의 공간하게 행동해,ISTP
새로운 도전 하는 거 좋아,ENFP
내 성격은 좀 감성적인 대화인 편이야,INTP
나는 보통 감성적인 대화하게 행동해,INTP
나는 보통 조용한 시간하게 행동해,ENFJ
나는 보통 혼자 있기하게 행동해,INFP
요즘 자주 효율적으로 일하기 생각해,INFP
난 자유로운 선택한 사람이 좋아,ISFP
솔직히 난 혼자만의 공간 쪽이야,ESTJ
솔직히 난 유연한 사고 쪽이야,ESFJ
요즘 자주 계획 세우기 생각해,ESTJ
요즘 자주 깊은 사고 생각해,ENTJ
오늘은 그냥 안정적인 생활 하고 싶다,ISFJ
내 성격은 좀 논리적으로 생각하기인 편이야,ESFJ
나는 보통 혼자만의 공간하게 행동해,ESFP
현실적인 판단 하는 게 제일 편해,ESTP
사람 만나기 하는 게 제일 편해,INFJ
요즘 자주 조용한 시간 생각해,ESFJ
내 성격은 좀 조용한 시간인 편이야,ESTP
요즘 자주 현실적인 판단 생각해,ENTP
혼자만의 공간 하는 게 제일 편해,ISFP
요즘 자주 효율적으로 일하기 생각해,ENFJ
오늘은 그냥 감성적인 대화 하고 싶다,ESFP
나는 보통 새로운 도전하게 행동해,ISFP
오늘은 그냥 혼자만의 공간 하고 싶다,ISTP
나는 보통 계획 세우기하게 행동해,INFJ
나는 보통 감성적인 대화하게 행동해,ESFJ
나는 원래 효율적으로 일하기 스타일이야,INFP
난 효율적으로 일하기한 사람이 좋아,ISTJ
가끔은 현실적인 판단이(가) 필요해,ESFJ
내 성격은 좀 안정적인 생활인 편이야,ISTJ
오늘은 그냥 새로운 도전 하고 싶다,ESFP
요즘 자주 편안한 분위기 생각해,ESFJ
새로운 도전 하는 게 제일 편해,ISFJ
요즘 자주 새로운 도전 생각해,ESTP
가끔은 즉흥 여행이(가) 필요해,ENTP
솔직히 난 편안한 분위기 쪽이야,ESTJ
요즘 자주 혼자만의 공간 생각해,ESTP
가끔은 안정적인 생활이(가) 필요해,ESTJ
내 성격은 좀 효율적으로 일하기인 편이야,ENFJ
효율적으로 일하기 하는 게 제일 편해,INTJ
요즘 자주 편안한 분위기 생각해,INFP
난 새로운 도전한 사람이 좋아,ISFJ
나는 보통 논리적으로 생각하기하게 행동해,INFP
혼자 있기 하는 거 좋아,ESTJ
즉흥 여행 하는 게 제일 편해,ESTP
오늘은 그냥 현실적인 판단 하고 싶다,INTJ
나는 보통 깊은 사고하게 행동해,ISFP
계획 세우기 하는 게 제일 편해,ESTP
솔직히 난 혼자만의 공간 쪽이야,ISFP
사람 만나기 하는 거 좋아,ENFJ
내 성격은 좀 안정적인 생활인 편이야,ISFP
난 체계적인 생활한 사람이 좋아,ISTJ
새로운 도전 하는 게 제일 편해,INFP
오늘은 그냥 즉흥 여행 하고 싶다,ISTP
가끔은 자유로운 선택이(가) 필요해,ESFP
나는 보통 새로운 도전하게 행동해,ISTP
나는 보통 사람 만나기하게 행동해,ENTJ
현실적인 판단 하는 게 제일 편해,INTP
즉흥 여행 하는 게 제일 편해,ENFJ
나는 원래 사람 만나기 스타일이야,ISTP
솔직히 난 논리적으로 생각하기 쪽이야,ISFP
가끔은 체계적인 생활이(가) 필요해,INTP
안정적인 생활 하는 거 좋아,ESTP
혼자 있기 하는 게 제일 편해,ESFP
솔직히 난 혼자 있기 쪽이야,ISTP
내 성격은 좀 논리적으로 생각하기인 편이야,ENTP
가끔은 현실적인 판단이(가) 필요해,INTJ
나는 원래 사람 만나기 스타일이야,ESTJ
사람 만나기 하는 거 좋아,ISTJ
계획 세우기 하는 게 제일 편해,INFP
내 성격은 좀 즉흥 여행인 편이야,INTP
가끔은 현실적인 판단이(가) 필요해,ESFP
계획 세우기 하는 게 제일 편해,ENTP
가끔은 혼자 있기이(가) 필요해,ENTP
내 성격은 좀 체계적인 생활인 편이야,ENFJ
난 새로운 도전한 사람이 좋아,ISTJ
솔직히 난 새로운 도전 쪽이야,ENTJ
내 성격은 좀 계획 세우기인 편이야,INTJ
솔직히 난 조용한 시간 쪽이야,INFP
요즘 자주 혼자 있기 생각해,ESFP
계획 세우기 하는 거 좋아,ENTP
계획 세우기 하는 거 좋아,INFJ
새로운 도전 하는 거 좋아,ISTJ
혼자만의 공간 하는 거 좋아,ISTJ
나는 원래 체계적인 생활 스타일이야,ENTP
내 성격은 좀 편안한 분위기인 편이야,ESTJ
유연한 사고 하는 거 좋아,ENTP
오늘은 그냥 자유로운 선택 하고 싶다,INTJ
내 성격은 좀 즉흥 여행인 편이야,ESFP
가끔은 사람 만나기이(가) 필요해,ISTJ
오늘은 그냥 현실적인 판단 하고 싶다,ENFJ
내 성격은 좀 계획 세우기인 편이야,INFJ
혼자 있기 하는 거 좋아,ESTJ
편안한 분위기 하는 거 좋아,ESTP
오늘은 그냥 감성적인 대화 하고 싶다,ISFP
나는 원래 감성적인 대화 스타일이야,ESFP
가끔은 논리적으로 생각하기이(가) 필요해,ENTJ
가끔은 안정적인 생활이(가) 필요해,ESFP
가끔은 사람 만나기이(가) 필요해,ISFP
감성적인 대화 하는 거 좋아,ISTP
솔직히 난 현실적인 판단 쪽이야,INTJ
솔직히 난 사람 만나기 쪽이야,ESFP
나는 원래 계획 세우기 스타일이야,ENTP
난 논리적으로 생각하기한 사람이 좋아,INTJ
내 성격은 좀 현실적인 판단인 편이야,ENTJ
가끔은 자유로운 선택이(가) 필요해,ESTJ
나는 원래 혼자만의 공간 스타일이야,ESFJ
오늘은 그냥 새로운 도전 하고 싶다,ESFJ
나는 원래 사람 만나기 스타일이야,INFJ
안정적인 생활 하는 게 제일 편해,ESFP
가끔은 즉흥 여행이(가) 필요해,INFJ
난 논리적으로 생각하기한 사람이 좋아,INTJ
나는 보통 현실적인 판단하게 행동해,INFP
깊은 사고 하는 게 제일 편해,ESFJ
요즘 자주 즉흥 여행 생각해,ESTP
솔직히 난 새로운 도전 쪽이야,ESTJ
요즘 자주 안정적인 생활 생각해,ESTJ
유연한 사고 하는 게 제일 편해,INFP
가끔은 안정적인 생활이(가) 필요해,ISTJ
요즘 자주 혼자 있기 생각해,ENTP
난 사람 만나기한 사람이 좋아,INFP
논리적으로 생각하기 하는 거 좋아,ENTJ
나는 원래 사람 만나기 스타일이야,ENTJ
오늘은 그냥 새로운 도전 하고 싶다,ESTP
혼자 있기 하는 거 좋아,INFP
오늘은 그냥 자유로운 선택 하고 싶다,ISTP
가끔은 현실적인 판단이(가) 필요해,ESFP
나는 보통 즉흥 여행하게 행동해,ISFJ
요즘 자주 혼자 있기 생각해,INTP
솔직히 난 유연한 사고 쪽이야,ISTP
솔직히 난 유연한 사고 쪽이야,ESTJ
안정적인 생활 하는 게 제일 편해,ISFJ
가끔은 조용한 시간이(가) 필요해,INFP
나는 원래 계획 세우기 스타일이야,INTP
계획 세우기 하는 게 제일 편해,INFP
내 성격은 좀 감성적인 대화인 편이야,ISTJ
내 성격은 좀 안정적인 생활인 편이야,ENFJ
오늘은 그냥 논리적으로 생각하기 하고 싶다,INFP
편안한 분위기 하는 게 제일 편해,ENFJ
내 성격은 좀 효율적으로 일하기인 편이야,ENTJ
나는 보통 계획 세우기하게 행동해,ENTP
내 성격은 좀 현실적인 판단인 편이야,ENFP
가끔은 체계적인 생활이(가) 필요해,ISFP
내 성격은 좀 유연한 사고인 편이야,INFP
나는 원래 계획 세우기 스타일이야,ESFP
내 성격은 좀 안정적인 생활인 편이야,INTJ
오늘은 그냥 즉흥 여행 하고 싶다,ESFJ
나는 원래 체계적인 생활 스타일이야,ISTP
내 성격은 좀 조용한 시간인 편이야,INTJ
요즘 자주 계획 세우기 생각해,INFP
솔직히 난 현실적인 판단 쪽이야,ENFJ
난 유연한 사고한 사람이 좋아,ESTJ
나는 보통 깊은 사고하게 행동해,INFP
내 성격은 좀 새로운 도전인 편이야,INFJ
난 사람 만나기한 사람이 좋아,ESFJ
나는 원래 자유로운 선택 스타일이야,ISTJ
나는 원래 논리적으로 생각하기 스타일이야,ESFJ
내 성격은 좀 현실적인 판단인 편이야,ISTJ
가끔은 조용한 시간이(가) 필요해,ESTP
나는 원래 혼자만의 공간 스타일이야,ESTJ
나는 원래 사람 만나기 스타일이야,ESFP
나는 보통 감성적인 대화하게 행동해,ENTP
내 성격은 좀 안정적인 생활인 편이야,INTP
나는 원래 즉흥 여행 스타일이야,ISTP
자유로운 선택 하는 거 좋아,ISTJ
내 성격은 좀 혼자 있기인 편이야,ESTJ
내 성격은 좀 안정적인 생활인 편이야,ESFJ
요즘 자주 계획 세우기 생각해,ENFP
나는 보통 안정적인 생활하게 행동해,ENTJ
사람 만나기 하는 거 좋아,ENTP
오늘은 그냥 혼자 있기 하고 싶다,ENFJ
안정적인 생활 하는 게 제일 편해,ISTJ
오늘은 그냥 자유로운 선택 하고 싶다,ISFJ
사람 만나기 하는 거 좋아,ESTP
가끔은 유연한 사고이(가) 필요해,ISFP
깊은 사고 하는 거 좋아,INTJ
논리적으로 생각하기 하는 게 제일 편해,ESFJ
나는 원래 새로운 도전 스타일이야,ENFJ
나는 보통 편안한 분위기하게 행동해,ISTJ
솔직히 난 새로운 도전 쪽이야,ESTP
내 성격은 좀 자유로운 선택인 편이야,ESTP
솔직히 난 감성적인 대화 쪽이야,ENTJ
자유로운 선택 하는 거 좋아,ENFP
즉흥 여행 하는 거 좋아,INFJ
가끔은 안정적인 생활이(가) 필요해,ESTP
나는 원래 새로운 도전 스타일이야,ESTJ
유연한 사고 하는 게 제일 편해,ISFJ
나는 원래 현실적인 판단 스타일이야,ESTJ
현실적인 판단 하는 게 제일 편해,ENFJ
나는 보통 혼자 있기하게 행동해,ISTJ
오늘은 그냥 논리적으로 생각하기 하고 싶다,INTP
내 성격은 좀 계획 세우기인 편이야,ESFJ
가끔은 유연한 사고이(가) 필요해,ENTJ
가끔은 논리적으로 생각하기이(가) 필요해,ESTJ
솔직히 난 편안한 분위기 쪽이야,ISTJ
나는 보통 현실적인 판단하게 행동해,ESFP
솔직히 난 사람 만나기 쪽이야,INTP
나는 원래 계획 세우기 스타일이야,ESTJ
난 사람 만나기한 사람이 좋아,ISFP
계획 세우기 하는 거 좋아,ESTP
나는 보통 효율적으로 일하기하게 행동해,ENFJ
솔직히 난 효율적으로 일하기 쪽이야,ESTP
나는 원래 깊은 사고 스타일이야,ISTP
가끔은 새로운 도전이(가) 필요해,ISFP
나는 보통 체계적인 생활하게 행동해,ISFJ
나는 원래 혼자 있기 스타일이야,INFJ
오늘은 그냥 즉흥 여행 하고 싶다,ESFJ
내 성격은 좀 즉흥 여행인 편이야,ESTJ
나는 보통 계획 세우기하게 행동해,ESFP
요즘 자주 유연한 사고 생각해,ESTJ
가끔은 감성적인 대화이(가) 필요해,ENFJ
가끔은 유연한 사고이(가) 필요해,ISFP
내 성격은 좀 혼자 있기인 편이야,INTP
내 성격은 좀 혼자만의 공간인 편이야,ENFJ
솔직히 난 현실적인 판단 쪽이야,ISFJ
요즘 자주 안정적인 생활 생각해,ESFJ
솔직히 난 자유로운 선택 쪽이야,ENFJ
즉흥 여행 하는 거 좋아,INTP
나는 보통 안정적인 생활하게 행동해,ISFJ
나는 보통 효율적으로 일하기하게 행동해,ESTJ
오늘은 그냥 혼자만의 공간 하고 싶다,INTP
나는 보통 즉흥 여행하게 행동해,ESTJ
나는 원래 논리적으로 생각하기 스타일이야,ESFP
요즘 자주 조용한 시간 생각해,INTJ
가끔은 안정적인 생활이(가) 필요해,ENTP
나는 원래 혼자만의 공간 스타일이야,INTP
요즘 자주 새로운 도전 생각해,ESTP
나는 원래 사람 만나기 스타일이야,INFP
내 성격은 좀 깊은 사고인 편이야,ESFP
내 성격은 좀 감성적인 대화인 편이야,ISFJ
난 자유로운 선택한 사람이 좋아,ENFP
난 논리적으로 생각하기한 사람이 좋아,INTJ
난 조용한 시간한 사람이 좋아,ENFJ
내 성격은 좀 새로운 도전인 편이야,ESFP
체계적인 생활 하는 거 좋아,ESTJ
난 유연한 사고한 사람이 좋아,INTP
요즘 자주 효율적으로 일하기 생각해,ENTJ
나는 원래 자유로운 선택 스타일이야,ISFP
혼자 있기 하는 거 좋아,INTJ
사람 만나기 하는 게 제일 편해,ENTP
솔직히 난 편안한 분위기 쪽이야,ESTJ
오늘은 그냥 새로운 도전 하고 싶다,INFP
요즘 자주 사람 만나기 생각해,ISFJ
내 성격은 좀 현실적인 판단인 편이야,ESTP
안정적인 생활 하는 게 제일 편해,ESTP
논리적으로 생각하기 하는 게 제일 편해,INFP
계획 세우기 하는 게 제일 편해,ESTP
나는 보통 즉흥 여행하게 행동해,ESTP
가끔은 체계적인 생활이(가) 필요해,ENTJ
난 감성적인 대화한 사람이 좋아,ESTJ
가끔은 새로운 도전이(가) 필요해,ENFJ
오늘은 그냥 사람 만나기 하고 싶다,INFP
오늘은 그냥 계획 세우기 하고 싶다,ISFJ
난 유연한 사고한 사람이 좋아,ESTJ
가끔은 즉흥 여행이(가) 필요해,ISFJ
솔직히 난 효율적으로 일하기 쪽이야,ISTJ
나는 보통 즉흥 여행하게 행동해,ISFP
솔직히 난 논리적으로 생각하기 쪽이야,INFJ
깊은 사고 하는 게 제일 편해,ISTP
요즘 자주 깊은 사고 생각해,ENTJ
혼자 있기 하는 게 제일 편해,ISFP
새로운 도전 하는 거 좋아,ENFP
혼자 있기 하는 거 좋아,ENFP
내 성격은 좀 혼자만의 공간인 편이야,ENTJ
나는 보통 혼자만의 공간하게 행동해,INTJ
요즘 자주 조용한 시간 생각해,ISTP
나는 보통 안정적인 생활하게 행동해,ESTJ
오늘은 그냥 즉흥 여행 하고 싶다,ESTP
내 성격은 좀 혼자만의 공간인 편이야,ESFJ
체계적인 생활 하는 게 제일 편해,ENTP
내 성격은 좀 즉흥 여행인 편이야,INTJ
솔직히 난 즉흥 여행 쪽이야,ISTJ
가끔은 조용한 시간이(가) 필요해,ISFP
유연한 사고 하는 거 좋아,ENFJ
내 성격은 좀 감성적인 대화인 편이야,ISFP
조용한 시간 하는 게 제일 편해,ESTJ
요즘 자주 사람 만나기 생각해,INFP
사람 만나기 하는 거 좋아,INFJ
편안한 분위기 하는 거 좋아,ENTP
오늘은 그냥 체계적인 생활 하고 싶다,ENFJ
오늘은 그냥 효율적으로 일하기 하고 싶다,ESTJ
난 효율적으로 일하기한 사람이 좋아,INTJ
나는 보통 유연한 사고하게 행동해,INFP
혼자만의 공간 하는 게 제일 편해,ENTP
즉흥 여행 하는 게 제일 편해,INFP
체계적인 생활 하는 게 제일 편해,ESFP
난 새로운 도전한 사람이 좋아,INTP
요즘 자주 현실적인 판단 생각해,ENFJ
오늘은 그냥 편안한 분위기 하고 싶다,ESTP
가끔은 혼자만의 공간이(가) 필요해,ISFJ
난 새로운 도전한 사람이 좋아,INFJ
난 논리적으로 생각하기한 사람이 좋아,INTP
조용한 시간 하는 게 제일 편해,ENFJ
요즘 자주 혼자 있기 생각해,INFP
나는 원래 체계적인 생활 스타일이야,INTP
나는 보통 즉흥 여행하게 행동해,ISFJ
요즘 자주 혼자만의 공간 생각해,INTJ
즉흥 여행 하는 거 좋아,ENTP
즉흥 여행 하는 거 좋아,ESFJ
오늘은 그냥 논리적으로 생각하기 하고 싶다,INTP
내 성격은 좀 깊은 사고인 편이야,ISTJ
나는 원래 혼자만의 공간 스타일이야,INTJ
체계적인 생활 하는 게 제일 편해,ESFJ
감성적인 대화 하는 게 제일 편해,ESTJ
나는 원래 계획 세우기 스타일이야,ISTP
가끔은 현실적인 판단이(가) 필요해,INTP
솔직히 난 혼자만의 공간 쪽이야,ISFJ
요즘 자주 혼자만의 공간 생각해,ESFJ
오늘은 그냥 깊은 사고 하고 싶다,INFP
오늘은 그냥 체계적인 생활 하고 싶다,ISTP
나는 보통 감성적인 대화하게 행동해,ESFJ
가끔은 유연한 사고이(가) 필요해,ENTP
요즘 자주 혼자 있기 생각해,ENTP
즉흥 여행 하는 거 좋아,ISTP
나는 원래 혼자 있기 스타일이야,ESFP
내 성격은 좀 새로운 도전인 편이야,ESFP
오늘은 그냥 혼자만의 공간 하고 싶다,ESFJ
나는 원래 혼자 있기 스타일이야,ENTJ
가끔은 현실적인 판단이(가) 필요해,ISTP
가끔은 논리적으로 생각하기이(가) 필요해,ISTJ
요즘 자주 새로운 도전 생각해,ISTJ
감성적인 대화 하는 거 좋아,ESTP
새로운 도전 하는 게 제일 편해,INTP
요즘 자주 현실적인 판단 생각해,ISFJ
오늘은 그냥 현실적인 판단 하고 싶다,INFJ
난 유연한 사고한 사람이 좋아,ENFP
나는 보통 사람 만나기하게 행동해,ISFJ
내 성격은 좀 즉흥 여행인 편이야,ESFP
나는 보통 사람 만나기하게 행동해,ISTP
요즘 자주 체계적인 생활 생각해,ENTP
가끔은 혼자 있기이(가) 필요해,INFJ
오늘은 그냥 현실적인 판단 하고 싶다,ENFJ
나는 원래 사람 만나기 스타일이야,ESFJ
가끔은 조용한 시간이(가) 필요해,INTJ
오늘은 그냥 논리적으로 생각하기 하고 싶다,ENFJ
나는 보통 체계적인 생활하게 행동해,INTP
나는 원래 현실적인 판단 스타일이야,INTP
편안한 분위기 하는 거 좋아,ESFP
난 안정적인 생활한 사람이 좋아,ISFP
내 성격은 좀 즉흥 여행인 편이야,ESFP
나는 원래 효율적으로 일하기 스타일이야,ESTJ
난 논리적으로 생각하기한 사람이 좋아,INFP
난 편안한 분위기한 사람이 좋아,ESFP
솔직히 난 논리적으로 생각하기 쪽이야,INTP
나는 원래 혼자 있기 스타일이야,ISFP
요즘 자주 혼자만의 공간 생각해,ISTJ
혼자 있기 하는 게 제일 편해,ISFP
내 성격은 좀 논리적으로 생각하기인 편이야,ESTP
사람 만나기 하는 게 제일 편해,ENTJ
나는 원래 깊은 사고 스타일이야,INTJ
가끔은 유연한 사고이(가) 필요해,ESTJ
현실적인 판단 하는 게 제일 편해,ESTJ
새로운 도전 하는 게 제일 편해,INTP
솔직히 난 편안한 분위기 쪽이야,ENFP
오늘은 그냥 사람 만나기 하고 싶다,ISFP
난 자유로운 선택한 사람이 좋아,INTP
솔직히 난 조용한 시간 쪽이야,ENTP
내 성격은 좀 즉흥 여행인 편이야,ESTP
솔직히 난 조용한 시간 쪽이야,ESTJ
가끔은 편안한 분위기이(가) 필요해,ESFJ
요즘 자주 안정적인 생활 생각해,ESTP
나는 원래 자유로운 선택 스타일이야,ESTJ
솔직히 난 현실적인 판단 쪽이야,ENTP
오늘은 그냥 논리적으로 생각하기 하고 싶다,ENFJ
새로운 도전 하는 거 좋아,ENFP
난 체계적인 생활한 사람이 좋아,ISFJ
요즘 자주 조용한 시간 생각해,ENTP
오늘은 그냥 혼자 있기 하고 싶다,INFP
가끔은 편안한 분위기이(가) 필요해,ISTJ
오늘은 그냥 현실적인 판단 하고 싶다,ENFJ
사람 만나기 하는 게 제일 편해,INFP
오늘은 그냥 혼자 있기 하고 싶다,ENTJ
나는 보통 편안한 분위기하게 행동해,ENTJ
내 성격은 좀 자유로운 선택인 편이야,ISFP
가끔은 현실적인 판단이(가) 필요해,ISFP
내 성격은 좀 계획 세우기인 편이야,ISFJ
요즘 자주 논리적으로 생각하기 생각해,ENTP
깊은 사고 하는 거 좋아,INFJ
나는 보통 감성적인 대화하게 행동해,ISTJ
솔직히 난 체계적인 생활 쪽이야,ENTJ
가끔은 감성적인 대화이(가) 필요해,ENTP
오늘은 그냥 감성적인 대화 하고 싶다,ISFP
난 혼자만의 공간한 사람이 좋아,ESTP
요즘 자주 조용한 시간 생각해,ENTJ
나는 원래 효율적으로 일하기 스타일이야,ISFJ
오늘은 그냥 현실적인 판단 하고 싶다,ISTJ
현실적인 판단 하는 게 제일 편해,ISFJ
나는 보통 사람 만나기하게 행동해,ISFJ
나는 보통 혼자만의 공간하게 행동해,ESFP
오늘은 그냥 깊은 사고 하고 싶다,ISFJ
내 성격은 좀 새로운 도전인 편이야,ENFP
난 안정적인 생활한 사람이 좋아,ISTJ
난 효율적으로 일하기한 사람이 좋아,ENTP
요즘 자주 즉흥 여행 생각해,ENFJ
나는 원래 편안한 분위기 스타일이야,ISTP
체계적인 생활 하는 거 좋아,ESTP
유연한 사고 하는 게 제일 편해,ESTP
내 성격은 좀 안정적인 생활인 편이야,INFJ
가끔은 새로운 도전이(가) 필요해,ESFJ
나는 보통 조용한 시간하게 행동해,INTP
가끔은 유연한 사고이(가) 필요해,INFJ
오늘은 그냥 현실적인 판단 하고 싶다,ESTJ
오늘은 그냥 자유로운 선택 하고 싶다,ESFP
내 성격은 좀 체계적인 생활인 편이야,INTJ
나는 보통 계획 세우기하게 행동해,INFP
내 성격은 좀 혼자만의 공간인 편이야,ISTP
가끔은 혼자만의 공간이(가) 필요해,ESFJ
난 현실적인 판단한 사람이 좋아,ESTP
나는 보통 사람 만나기하게 행동해,ENFJ
가끔은 논리적으로 생각하기이(가) 필요해,INFP
솔직히 난 혼자 있기 쪽이야,INFP
조용한 시간 하는 거 좋아,INFP
오늘은 그냥 혼자 있기 하고 싶다,ENFJ
나는 원래 새로운 도전 스타일이야,ENTP
난 혼자 있기한 사람이 좋아,INFP
가끔은 새로운 도전이(가) 필요해,ESTJ
오늘은 그냥 깊은 사고 하고 싶다,ENTP
나는 원래 유연한 사고 스타일이야,ENTJ
계획 세우기 하는 거 좋아,ESTJ
나는 원래 혼자 있기 스타일이야,ISFJ
솔직히 난 논리적으로 생각하기 쪽이야,ISTP
효율적으로 일하기 하는 게 제일 편해,ENTJ
나는 보통 조용한 시간하게 행동해,ISTJ
가끔은 논리적으로 생각하기이(가) 필요해,ESTP
나는 보통 효율적으로 일하기하게 행동해,INTP
오늘은 그냥 체계적인 생활 하고 싶다,ESTP
효율적으로 일하기 하는 거 좋아,ESFJ
요즘 자주 깊은 사고 생각해,ISFJ
나는 보통 혼자 있기하게 행동해,ISFJ
난 유연한 사고한 사람이 좋아,INFJ
오늘은 그냥 사람 만나기 하고 싶다,ENTP
나는 원래 효율적으로 일하기 스타일이야,ISTJ
솔직히 난 계획 세우기 쪽이야,ESFP
깊은 사고 하는 게 제일 편해,ISTP
체계적인 생활 하는 거 좋아,ISFP
난 계획 세우기한 사람이 좋아,ENFJ
나는 원래 편안한 분위기 스타일이야,ISFP
체계적인 생활 하는 게 제일 편해,INFJ
솔직히 난 조용한 시간 쪽이야,INFP
가끔은 즉흥 여행이(가) 필요해,ENTP
내 성격은 좀 혼자 있기인 편이야,ENFP
요즘 자주 깊은 사고 생각해,ENFJ
가끔은 조용한 시간이(가) 필요해,ESTJ
오늘은 그냥 즉흥 여행 하고 싶다,INTJ
요즘 자주 논리적으로 생각하기 생각해,ISFP
솔직히 난 사람 만나기 쪽이야,INFJ
가끔은 새로운 도전이(가) 필요해,ESTP
난 체계적인 생활한 사람이 좋아,ENFJ
깊은 사고 하는 게 제일 편해,ISFJ
난 체계적인 생활한 사람이 좋아,ISTP
나는 보통 안정적인 생활하게 행동해,ESTJ
편안한 분위기 하는 거 좋아,ISTJ
솔직히 난 혼자만의 공간 쪽이야,ESTJ
혼자 있기 하는 게 제일 편해,ENFJ
깊은 사고 하는 거 좋아,ISFJ
새로운 도전 하는 거 좋아,INFJ
편안한 분위기 하는 게 제일 편해,ISFJ
나는 원래 즉흥 여행 스타일이야,ESTP
내 성격은 좀 안정적인 생활인 편이야,INFP
난 유연한 사고한 사람이 좋아,ENTP
솔직히 난 즉흥 여행 쪽이야,INTP
내 성격은 좀 새로운 도전인 편이야,ISTJ
혼자만의 공간 하는 거 좋아,INTJ
내 성격은 좀 효율적으로 일하기인 편이야,ESTJ
솔직히 난 편안한 분위기 쪽이야,ESTP
내 성격은 좀 안정적인 생활인 편이야,ISTP
난 조용한 시간한 사람이 좋아,ENFP
계획 세우기 하는 거 좋아,ISTJ
오늘은 그냥 논리적으로 생각하기 하고 싶다,ENTJ
내 성격은 좀 조용한 시간인 편이야,ESTP
안정적인 생활 하는 거 좋아,ISTJ
오늘은 그냥 새로운 도전 하고 싶다,INFJ
난 조용한 시간한 사람이 좋아,ESTP
요즘 자주 편안한 분위기 생각해,INFP
요즘 자주 유연한 사고 생각해,ENFJ
논리적으로 생각하기 하는 게 제일 편해,ESTP
내 성격은 좀 안정적인 생활인 편이야,ISFJ
요즘 자주 현실적인 판단 생각해,ENFJ
내 성격은 좀 혼자 있기인 편이야,ISFP
오늘은 그냥 편안한 분위기 하고 싶다,INFP
오늘은 그냥 계획 세우기 하고 싶다,INTP
난 체계적인 생활한 사람이 좋아,ESTP
나는 원래 감성적인 대화 스타일이야,ENFP
유연한 사고 하는 게 제일 편해,INFP
나는 원래 조용한 시간 스타일이야,ENFP
내 성격은 좀 현실적인 판단인 편이야,ISFJ
요즘 자주 감성적인 대화 생각해,ISTJ
나는 원래 자유로운 선택 스타일이야,INTP
사람 만나기 하는 게 제일 편해,ENTJ
내 성격은 좀 논리적으로 생각하기인 편이야,INFP
즉흥 여행 하는 게 제일 편해,INTP
난 깊은 사고한 사람이 좋아,ESFJ
오늘은 그냥 감성적인 대화 하고 싶다,ENFJ
자유로운 선택 하는 게 제일 편해,INTP
요즘 자주 계획 세우기 생각해,ESFP
나는 보통 깊은 사고하게 행동해,ISTJ
내 성격은 좀 계획 세우기인 편이야,ISFP
조용한 시간 하는 거 좋아,INTJ
즉흥 여행 하는 거 좋아,ESTJ
솔직히 난 논리적으로 생각하기 쪽이야,ENTP
난 체계적인 생활한 사람이 좋아,ENTJ
감성적인 대화 하는 거 좋아,ISFP
요즘 자주 즉흥 여행 생각해,ESFP
오늘은 그냥 조용한 시간 하고 싶다,ENFJ
내 성격은 좀 혼자만의 공간인 편이야,INTP
가끔은 사람 만나기이(가) 필요해,ENTP
요즘 자주 유연한 사고 생각해,ISTP
즉흥 여행 하는 게 제일 편해,INFJ
솔직히 난 논리적으로 생각하기 쪽이야,INFP
솔직히 난 감성적인 대화 쪽이야,INTJ
가끔은 새로운 도전이(가) 필요해,ESTP
사람 만나기 하는 게 제일 편해,INFP
오늘은 그냥 유연한 사고 하고 싶다,INTP
요즘 자주 깊은 사고 생각해,ISFP
나는 보통 새로운 도전하게 행동해,ENTJ
요즘 자주 깊은 사고 생각해,ESFJ
가끔은 안정적인 생활이(가) 필요해,ESTJ
요즘 자주 깊은 사고 생각해,INFP
솔직히 난 깊은 사고 쪽이야,INTP
나는 원래 자유로운 선택 스타일이야,INFP
솔직히 난 혼자 있기 쪽이야,ENTP
가끔은 감성적인 대화이(가) 필요해,ENTP
요즘 자주 체계적인 생활 생각해,ESTP
오늘은 그냥 안정적인 생활 하고 싶다,ESTP
가끔은 조용한 시간이(가) 필요해,ESTJ
요즘 자주 자유로운 선택 생각해,ISFP
요즘 자주 새로운 도전 생각해,ENTJ
오늘은 그냥 혼자만의 공간 하고 싶다,ESFP
나는 보통 새로운 도전하게 행동해,ENTJ
요즘 자주 체계적인 생활 생각해,INFP
요즘 자주 즉흥 여행 생각해,ENFP
솔직히 난 현실적인 판단 쪽이야,INTP
나는 보통 혼자 있기하게 행동해,INFP
나는 보통 감성적인 대화하게 행동해,INFJ
안정적인 생활 하는 게 제일 편해,ESFJ
내 성격은 좀 깊은 사고인 편이야,ESFP
솔직히 난 현실적인 판단 쪽이야,ISFP
솔직히 난 자유로운 선택 쪽이야,INFP
가끔은 논리적으로 생각하기이(가) 필요해,ENFJ
나는 원래 체계적인 생활 스타일이야,ISTJ
나는 보통 편안한 분위기하게 행동해,ESTP
가끔은 효율적으로 일하기이(가) 필요해,ISFJ
감성적인 대화 하는 게 제일 편해,INTJ
나는 보통 안정적인 생활하게 행동해,ESFP
논리적으로 생각하기 하는 거 좋아,INFJ
가끔은 사람 만나기이(가) 필요해,ISTJ
나는 원래 유연한 사고 스타일이야,ISTP
혼자만의 공간 하는 게 제일 편해,ENTP
조용한 시간 하는 게 제일 편해,ISFJ
솔직히 난 조용한 시간 쪽이야,INFP
나는 원래 논리적으로 생각하기 스타일이야,ISFJ
자유로운 선택 하는 거 좋아,ISTP
논리적으로 생각하기 하는 게 제일 편해,ISFP
나는 보통 자유로운 선택하게 행동해,ESFP
요즘 자주 혼자만의 공간 생각해,ISFP
요즘 자주 감성적인 대화 생각해,ENTP
솔직히 난 편안한 분위기 쪽이야,ISFP
사람 만나기 하는 게 제일 편해,ISFP
오늘은 그냥 자유로운 선택 하고 싶다,ISFJ
가끔은 즉흥 여행이(가) 필요해,ISFP
오늘은 그냥 계획 세우기 하고 싶다,ISFJ
난 현실적인 판단한 사람이 좋아,INFJ
내 성격은 좀 감성적인 대화인 편이야,ISFP
가끔은 체계적인 생활이(가) 필요해,ENTJ
요즘 자주 현실적인 판단 생각해,ENFJ
난 깊은 사고한 사람이 좋아,ISFJ
논리적으로 생각하기 하는 게 제일 편해,ISTJ
오늘은 그냥 새로운 도전 하고 싶다,ISTJ
난 감성적인 대화한 사람이 좋아,ENTP
가끔은 유연한 사고이(가) 필요해,INTJ
감성적인 대화 하는 게 제일 편해,ESTP
요즘 자주 안정적인 생활 생각해,ENFJ
요즘 자주 계획 세우기 생각해,ISFJ
요즘 자주 체계적인 생활 생각해,ESFP
내 성격은 좀 편안한 분위기인 편이야,ISTP
사람 만나기 하는 거 좋아,ISFJ
요즘 자주 계획 세우기 생각해,ENFJ
내 성격은 좀 유연한 사고인 편이야,ENTP
안정적인 생활 하는 게 제일 편해,ENTJ
오늘은 그냥 조용한 시간 하고 싶다,ISTP
오늘은 그냥 깊은 사고 하고 싶다,ESTP
나는 보통 안정적인 생활하게 행동해,INFP
내 성격은 좀 새로운 도전인 편이야,ENTJ
솔직히 난 즉흥 여행 쪽이야,INFJ
요즘 자주 혼자 있기 생각해,ESFP
자유로운 선택 하는 게 제일 편해,ENTJ
솔직히 난 효율적으로 일하기 쪽이야,INFP
난 조용한 시간한 사람이 좋아,ENFP
난 혼자 있기한 사람이 좋아,ENTP
솔직히 난 새로운 도전 쪽이야,ISTP
나는 보통 유연한 사고하게 행동해,INFJ
솔직히 난 새로운 도전 쪽이야,ESTP
나는 보통 안정적인 생활하게 행동해,ISFP
나는 원래 논리적으로 생각하기 스타일이야,ISTP
가끔은 효율적으로 일하기이(가) 필요해,ENFJ
내 성격은 좀 자유로운 선택인 편이야,ESFJ
요즘 자주 논리적으로 생각하기 생각해,ISTJ
나는 보통 논리적으로 생각하기하게 행동해,ISTJ
가끔은 사람 만나기이(가) 필요해,INTJ
깊은 사고 하는 게 제일 편해,ISFP
계획 세우기 하는 게 제일 편해,ESTP
가끔은 자유로운 선택이(가) 필요해,INFJ
혼자 있기 하는 게 제일 편해,ESTP
내 성격은 좀 즉흥 여행인 편이야,INFJ
솔직히 난 현실적인 판단 쪽이야,INTP
나는 원래 편안한 분위기 스타일이야,ISFJ
사람 만나기 하는 게 제일 편해,INTP
감성적인 대화 하는 거 좋아,ISFJ
나는 보통 혼자 있기하게 행동해,ISTJ
나는 보통 사람 만나기하게 행동해,INTP
나는 보통 감성적인 대화하게 행동해,INFP
나는 원래 체계적인 생활 스타일이야,INFP
가끔은 사람 만나기이(가) 필요해,ISFJ
자유로운 선택 하는 거 좋아,ENTP
솔직히 난 즉흥 여행 쪽이야,ISFJ
가끔은 사람 만나기이(가) 필요해,ISFP
오늘은 그냥 자유로운 선택 하고 싶다,ENFP
요즘 자주 자유로운 선택 생각해,ISTJ
나는 원래 현실적인 판단 스타일이야,ISFP
솔직히 난 자유로운 선택 쪽이야,ISFJ
현실적인 판단 하는 게 제일 편해,ISFJ
요즘 자주 조용한 시간 생각해,INTJ
요즘 자주 편안한 분위기 생각해,ESTP
나는 원래 체계적인 생활 스타일이야,ENFJ
오늘은 그냥 사람 만나기 하고 싶다,INFJ
내 성격은 좀 새로운 도전인 편이야,INFP
가끔은 유연한 사고이(가) 필요해,INTP
내 성격은 좀 즉흥 여행인 편이야,INFJ
오늘은 그냥 새로운 도전 하고 싶다,ENTJ
나는 원래 감성적인 대화 스타일이야,INFP
나는 원래 편안한 분위기 스타일이야,ISTP
난 안정적인 생활한 사람이 좋아,ENFJ
난 편안한 분위기한 사람이 좋아,ISTJ
혼자만의 공간 하는 거 좋아,INTJ
가끔은 새로운 도전이(가) 필요해,ISTP
나는 원래 현실적인 판단 스타일이야,ISTP
감성적인 대화 하는 거 좋아,INFP
오늘은 그냥 편안한 분위기 하고 싶다,ESTJ
오늘은 그냥 감성적인 대화 하고 싶다,ESFP
오늘은 그냥 현실적인 판단 하고 싶다,INFP
솔직히 난 현실적인 판단 쪽이야,ENFJ
오늘은 그냥 유연한 사고 하고 싶다,ISTJ
오늘은 그냥 감성적인 대화 하고 싶다,INFP
솔직히 난 계획 세우기 쪽이야,ISFJ
혼자만의 공간 하는 게 제일 편해,ISFP
솔직히 난 혼자만의 공간 쪽이야,INFP
유연한 사고 하는 게 제일 편해,ESTP
가끔은 혼자만의 공간이(가) 필요해,ENTP
나는 보통 편안한 분위기하게 행동해,ISTP
계획 세우기 하는 게 제일 편해,ISTJ
조용한 시간 하는 게 제일 편해,ENTJ
요즘 자주 안정적인 생활 생각해,ISTJ
난 새로운 도전한 사람이 좋아,ENTJ
가끔은 현실적인 판단이(가) 필요해,ENTJ
가끔은 편안한 분위기이(가) 필요해,ENTJ
요즘 자주 조용한 시간 생각해,ENTP
계획 세우기 하는 거 좋아,ENTP
내 성격은 좀 효율적으로 일하기인 편이야,ISTJ
나는 원래 새로운 도전 스타일이야,INTJ
나는 원래 혼자 있기 스타일이야,ISTJ
